{
  "id": "4939744",
  "name": "深蓝汇",
  "font_family": "iconfont",
  "css_prefix_text": "icon-",
  "description": "",
  "glyphs": [
    {
      "icon_id": "45623107",
      "name": "路径 387",
      "font_class": "a-lujing387",
      "unicode": "e66a",
      "unicode_decimal": 58986
    },
    {
      "icon_id": "45621890",
      "name": "组 342",
      "font_class": "a-zu342",
      "unicode": "e668",
      "unicode_decimal": 58984
    },
    {
      "icon_id": "45621889",
      "name": "保存",
      "font_class": "baocun",
      "unicode": "e669",
      "unicode_decimal": 58985
    },
    {
      "icon_id": "1302",
      "name": "加",
      "font_class": "jia",
      "unicode": "e600",
      "unicode_decimal": 58880
    },
    {
      "icon_id": "45551138",
      "name": "设置",
      "font_class": "shezhi",
      "unicode": "e667",
      "unicode_decimal": 58983
    },
    {
      "icon_id": "45550717",
      "name": "系统消息",
      "font_class": "xitongxiaoxi",
      "unicode": "e664",
      "unicode_decimal": 58980
    },
    {
      "icon_id": "45550719",
      "name": "账号信息",
      "font_class": "zhanghaoxinxi",
      "unicode": "e665",
      "unicode_decimal": 58981
    },
    {
      "icon_id": "45550718",
      "name": "意见反馈",
      "font_class": "yijianfankui",
      "unicode": "e666",
      "unicode_decimal": 58982
    },
    {
      "icon_id": "45550726",
      "name": "关于深蓝汇",
      "font_class": "guanyushenlanhui",
      "unicode": "e663",
      "unicode_decimal": 58979
    },
    {
      "icon_id": "45494208",
      "name": "组 372",
      "font_class": "a-zu372",
      "unicode": "e660",
      "unicode_decimal": 58976
    },
    {
      "icon_id": "45494207",
      "name": "组 370",
      "font_class": "a-zu370",
      "unicode": "e661",
      "unicode_decimal": 58977
    },
    {
      "icon_id": "45494206",
      "name": "组 367",
      "font_class": "a-zu367",
      "unicode": "e662",
      "unicode_decimal": 58978
    },
    {
      "icon_id": "16322950",
      "name": "音乐",
      "font_class": "yinle_2",
      "unicode": "e705",
      "unicode_decimal": 59141
    },
    {
      "icon_id": "11372661",
      "name": "发现",
      "font_class": "faxian",
      "unicode": "e8af",
      "unicode_decimal": 59567
    },
    {
      "icon_id": "45466424",
      "name": "路径 120",
      "font_class": "a-lujing120",
      "unicode": "e65f",
      "unicode_decimal": 58975
    },
    {
      "icon_id": "45447277",
      "name": "组 254",
      "font_class": "a-zu2541",
      "unicode": "e65c",
      "unicode_decimal": 58972
    },
    {
      "icon_id": "45447275",
      "name": "举报",
      "font_class": "jubao",
      "unicode": "e65d",
      "unicode_decimal": 58973
    },
    {
      "icon_id": "45447276",
      "name": "失败",
      "font_class": "shibai",
      "unicode": "e65e",
      "unicode_decimal": 58974
    },
    {
      "icon_id": "45428566",
      "name": "组 204",
      "font_class": "a-zu204",
      "unicode": "e658",
      "unicode_decimal": 58968
    },
    {
      "icon_id": "45428565",
      "name": "pdf",
      "font_class": "pdf",
      "unicode": "e659",
      "unicode_decimal": 58969
    },
    {
      "icon_id": "45428563",
      "name": "路径 205",
      "font_class": "a-lujing205",
      "unicode": "e65a",
      "unicode_decimal": 58970
    },
    {
      "icon_id": "45428564",
      "name": "路径 206",
      "font_class": "a-lujing206",
      "unicode": "e65b",
      "unicode_decimal": 58971
    },
    {
      "icon_id": "45428499",
      "name": "认证2",
      "font_class": "renzheng2",
      "unicode": "e652",
      "unicode_decimal": 58962
    },
    {
      "icon_id": "45428496",
      "name": "会员",
      "font_class": "huiyuan",
      "unicode": "e653",
      "unicode_decimal": 58963
    },
    {
      "icon_id": "45428494",
      "name": "时间",
      "font_class": "shijian",
      "unicode": "e654",
      "unicode_decimal": 58964
    },
    {
      "icon_id": "45428495",
      "name": "认证2 (1)",
      "font_class": "a-renzheng21",
      "unicode": "e655",
      "unicode_decimal": 58965
    },
    {
      "icon_id": "45428497",
      "name": "提示",
      "font_class": "tishi1",
      "unicode": "e656",
      "unicode_decimal": 58966
    },
    {
      "icon_id": "45428493",
      "name": "评论 (1)",
      "font_class": "a-pinglun1",
      "unicode": "e657",
      "unicode_decimal": 58967
    },
    {
      "icon_id": "45428501",
      "name": "点赞",
      "font_class": "dianzan-curder",
      "unicode": "e64f",
      "unicode_decimal": 58959
    },
    {
      "icon_id": "45428500",
      "name": "转发",
      "font_class": "zhuanfa1",
      "unicode": "e650",
      "unicode_decimal": 58960
    },
    {
      "icon_id": "45428498",
      "name": "定位",
      "font_class": "dingwei",
      "unicode": "e651",
      "unicode_decimal": 58961
    },
    {
      "icon_id": "45366020",
      "name": "路径 72",
      "font_class": "a-lujing72",
      "unicode": "e64e",
      "unicode_decimal": 58958
    },
    {
      "icon_id": "45365929",
      "name": "路径 65",
      "font_class": "a-lujing65",
      "unicode": "e64a",
      "unicode_decimal": 58954
    },
    {
      "icon_id": "45365881",
      "name": "组 31",
      "font_class": "a-zu31",
      "unicode": "e646",
      "unicode_decimal": 58950
    },
    {
      "icon_id": "45365880",
      "name": "组 32",
      "font_class": "a-zu32",
      "unicode": "e648",
      "unicode_decimal": 58952
    },
    {
      "icon_id": "45365879",
      "name": "组 29",
      "font_class": "a-zu29",
      "unicode": "e649",
      "unicode_decimal": 58953
    },
    {
      "icon_id": "45357480",
      "name": "路径 60",
      "font_class": "a-lujing60",
      "unicode": "e64b",
      "unicode_decimal": 58955
    },
    {
      "icon_id": "45357479",
      "name": "路径 93",
      "font_class": "a-lujing93",
      "unicode": "e64c",
      "unicode_decimal": 58956
    },
    {
      "icon_id": "45357478",
      "name": "AI图库",
      "font_class": "AItuku",
      "unicode": "e64d",
      "unicode_decimal": 58957
    },
    {
      "icon_id": "45357252",
      "name": "官方认证 (1)",
      "font_class": "a-guanfangrenzheng1",
      "unicode": "e642",
      "unicode_decimal": 58946
    },
    {
      "icon_id": "45357253",
      "name": "官方认证",
      "font_class": "guanfangrenzheng",
      "unicode": "e643",
      "unicode_decimal": 58947
    },
    {
      "icon_id": "45357251",
      "name": "slh-ai",
      "font_class": "slh",
      "unicode": "e644",
      "unicode_decimal": 58948
    },
    {
      "icon_id": "45357250",
      "name": "information",
      "font_class": "information",
      "unicode": "e645",
      "unicode_decimal": 58949
    },
    {
      "icon_id": "45357248",
      "name": "预售火热",
      "font_class": "yushouhuore",
      "unicode": "e647",
      "unicode_decimal": 58951
    },
    {
      "icon_id": "45358203",
      "name": "slhai_on",
      "font_class": "slhai-on",
      "unicode": "e78b",
      "unicode_decimal": 59275
    },
    {
      "icon_id": "45358265",
      "name": "information_on",
      "font_class": "information-on-copy",
      "unicode": "e78e",
      "unicode_decimal": 59278
    },
    {
      "icon_id": "45358220",
      "name": "radar_on",
      "font_class": "gailan-on",
      "unicode": "e78c",
      "unicode_decimal": 59276
    },
    {
      "icon_id": "45358244",
      "name": "radar",
      "font_class": "gailan-on-copy",
      "unicode": "e78d",
      "unicode_decimal": 59277
    },
    {
      "icon_id": "45358160",
      "name": "home_on",
      "font_class": "home-on",
      "unicode": "e789",
      "unicode_decimal": 59273
    },
    {
      "icon_id": "16322455",
      "name": "home",
      "font_class": "home",
      "unicode": "e6db",
      "unicode_decimal": 59099
    },
    {
      "icon_id": "16322456",
      "name": "文件",
      "font_class": "wenjian_2",
      "unicode": "e6dc",
      "unicode_decimal": 59100
    },
    {
      "icon_id": "16323134",
      "name": "socialcircle",
      "font_class": "socialcircle",
      "unicode": "e70c",
      "unicode_decimal": 59148
    },
    {
      "icon_id": "25331732",
      "name": "概览",
      "font_class": "gailan",
      "unicode": "e788",
      "unicode_decimal": 59272
    },
    {
      "icon_id": "9874487",
      "name": "KHCFDC_勾选",
      "font_class": "gouxuan",
      "unicode": "e6ce",
      "unicode_decimal": 59086
    },
    {
      "icon_id": "12575206",
      "name": "勾选",
      "font_class": "check_bg_black",
      "unicode": "e641",
      "unicode_decimal": 58945
    },
    {
      "icon_id": "45046419",
      "name": "组 306",
      "font_class": "a-zu306",
      "unicode": "e640",
      "unicode_decimal": 58944
    },
    {
      "icon_id": "44731084",
      "name": "标签",
      "font_class": "biaoqian",
      "unicode": "e63f",
      "unicode_decimal": 58943
    },
    {
      "icon_id": "44729658",
      "name": "组 279",
      "font_class": "a-zu279",
      "unicode": "e63e",
      "unicode_decimal": 58942
    },
    {
      "icon_id": "44729657",
      "name": "组 280",
      "font_class": "a-zu280",
      "unicode": "e63d",
      "unicode_decimal": 58941
    },
    {
      "icon_id": "44654722",
      "name": "添加",
      "font_class": "tianjia",
      "unicode": "e63b",
      "unicode_decimal": 58939
    },
    {
      "icon_id": "44653145",
      "name": "组 269",
      "font_class": "a-zu269",
      "unicode": "e635",
      "unicode_decimal": 58933
    },
    {
      "icon_id": "44653128",
      "name": "爱心",
      "font_class": "aixin",
      "unicode": "e636",
      "unicode_decimal": 58934
    },
    {
      "icon_id": "44653129",
      "name": "组 268",
      "font_class": "a-zu268",
      "unicode": "e637",
      "unicode_decimal": 58935
    },
    {
      "icon_id": "44653120",
      "name": "组 258",
      "font_class": "a-zu258",
      "unicode": "e638",
      "unicode_decimal": 58936
    },
    {
      "icon_id": "44653124",
      "name": "组 264",
      "font_class": "a-zu264",
      "unicode": "e639",
      "unicode_decimal": 58937
    },
    {
      "icon_id": "44653119",
      "name": "组 257",
      "font_class": "a-zu257",
      "unicode": "e63a",
      "unicode_decimal": 58938
    },
    {
      "icon_id": "45364056",
      "name": "返回-copy",
      "font_class": "fanhui-copy",
      "unicode": "e78f",
      "unicode_decimal": 59279
    },
    {
      "icon_id": "44653162",
      "name": "微博",
      "font_class": "weibo",
      "unicode": "e628",
      "unicode_decimal": 58920
    },
    {
      "icon_id": "44653163",
      "name": "组 248",
      "font_class": "a-zu248",
      "unicode": "e629",
      "unicode_decimal": 58921
    },
    {
      "icon_id": "44653144",
      "name": "复制",
      "font_class": "fuzhi1",
      "unicode": "e62a",
      "unicode_decimal": 58922
    },
    {
      "icon_id": "44653142",
      "name": "收藏（点击）-1",
      "font_class": "a-shoucangdianji-1",
      "unicode": "e62b",
      "unicode_decimal": 58923
    },
    {
      "icon_id": "44653155",
      "name": "组 207",
      "font_class": "a-zu207",
      "unicode": "e62c",
      "unicode_decimal": 58924
    },
    {
      "icon_id": "44653156",
      "name": "组 254",
      "font_class": "a-zu254",
      "unicode": "e62d",
      "unicode_decimal": 58925
    },
    {
      "icon_id": "44653141",
      "name": "组 270",
      "font_class": "a-zu270",
      "unicode": "e62e",
      "unicode_decimal": 58926
    },
    {
      "icon_id": "44653127",
      "name": "KHCFDC_音频文件",
      "font_class": "KHCFDC_yinpinwenjian",
      "unicode": "e62f",
      "unicode_decimal": 58927
    },
    {
      "icon_id": "44653150",
      "name": "组 239",
      "font_class": "a-zu239",
      "unicode": "e630",
      "unicode_decimal": 58928
    },
    {
      "icon_id": "44653146",
      "name": "返回",
      "font_class": "fanhui",
      "unicode": "e631",
      "unicode_decimal": 58929
    },
    {
      "icon_id": "44653148",
      "name": "组 243",
      "font_class": "a-zu243",
      "unicode": "e632",
      "unicode_decimal": 58930
    },
    {
      "icon_id": "44653133",
      "name": "爱心-1",
      "font_class": "aixin-1",
      "unicode": "e633",
      "unicode_decimal": 58931
    },
    {
      "icon_id": "44653143",
      "name": "组 265",
      "font_class": "a-zu265",
      "unicode": "e634",
      "unicode_decimal": 58932
    },
    {
      "icon_id": "44653147",
      "name": "收藏（点击）",
      "font_class": "a-shoucangdianji",
      "unicode": "e61e",
      "unicode_decimal": 58910
    },
    {
      "icon_id": "44653139",
      "name": "组 272",
      "font_class": "a-zu272",
      "unicode": "e61f",
      "unicode_decimal": 58911
    },
    {
      "icon_id": "44653134",
      "name": "apply_type",
      "font_class": "a-zu260",
      "unicode": "e620",
      "unicode_decimal": 58912
    },
    {
      "icon_id": "44653131",
      "name": "对",
      "font_class": "dui",
      "unicode": "e621",
      "unicode_decimal": 58913
    },
    {
      "icon_id": "44653137",
      "name": "组 271",
      "font_class": "a-zu271",
      "unicode": "e622",
      "unicode_decimal": 58914
    },
    {
      "icon_id": "44653125",
      "name": "组 273",
      "font_class": "a-zu273",
      "unicode": "e623",
      "unicode_decimal": 58915
    },
    {
      "icon_id": "44653122",
      "name": "组 259",
      "font_class": "a-zu259",
      "unicode": "e624",
      "unicode_decimal": 58916
    },
    {
      "icon_id": "44653123",
      "name": "组 261",
      "font_class": "a-zu261",
      "unicode": "e625",
      "unicode_decimal": 58917
    },
    {
      "icon_id": "44653126",
      "name": "组 262",
      "font_class": "a-zu262",
      "unicode": "e626",
      "unicode_decimal": 58918
    },
    {
      "icon_id": "44653121",
      "name": "组 263",
      "font_class": "a-zu263",
      "unicode": "e627",
      "unicode_decimal": 58919
    },
    {
      "icon_id": "44653153",
      "name": "组 251",
      "font_class": "a-zu251",
      "unicode": "e60f",
      "unicode_decimal": 58895
    },
    {
      "icon_id": "44653159",
      "name": "组 232",
      "font_class": "a-zu232",
      "unicode": "e610",
      "unicode_decimal": 58896
    },
    {
      "icon_id": "44653160",
      "name": "组 256",
      "font_class": "a-zu256",
      "unicode": "e611",
      "unicode_decimal": 58897
    },
    {
      "icon_id": "44653158",
      "name": "组 250",
      "font_class": "a-zu250",
      "unicode": "e612",
      "unicode_decimal": 58898
    },
    {
      "icon_id": "44653157",
      "name": "微信",
      "font_class": "weixin",
      "unicode": "e613",
      "unicode_decimal": 58899
    },
    {
      "icon_id": "44653136",
      "name": "qqqq",
      "font_class": "qqqq",
      "unicode": "e614",
      "unicode_decimal": 58900
    },
    {
      "icon_id": "44653154",
      "name": "刷新",
      "font_class": "shuaxin1",
      "unicode": "e615",
      "unicode_decimal": 58901
    },
    {
      "icon_id": "44653138",
      "name": "组 266",
      "font_class": "a-zu266",
      "unicode": "e616",
      "unicode_decimal": 58902
    },
    {
      "icon_id": "44653152",
      "name": "切换",
      "font_class": "qiehuan",
      "unicode": "e617",
      "unicode_decimal": 58903
    },
    {
      "icon_id": "44653151",
      "name": "提示",
      "font_class": "tishi",
      "unicode": "e618",
      "unicode_decimal": 58904
    },
    {
      "icon_id": "44653149",
      "name": "搜索 (1)",
      "font_class": "a-sousuo11",
      "unicode": "e619",
      "unicode_decimal": 58905
    },
    {
      "icon_id": "44653135",
      "name": "苹果",
      "font_class": "pingguo",
      "unicode": "e61a",
      "unicode_decimal": 58906
    },
    {
      "icon_id": "44653132",
      "name": "错",
      "font_class": "cuo",
      "unicode": "e61b",
      "unicode_decimal": 58907
    },
    {
      "icon_id": "44653140",
      "name": "订阅",
      "font_class": "dingyue",
      "unicode": "e61c",
      "unicode_decimal": 58908
    },
    {
      "icon_id": "44653130",
      "name": "组 267",
      "font_class": "a-zu267",
      "unicode": "e61d",
      "unicode_decimal": 58909
    },
    {
      "icon_id": "44667193",
      "name": "updwon",
      "font_class": "updwon-copy",
      "unicode": "e63c",
      "unicode_decimal": 58940
    },
    {
      "icon_id": "44653164",
      "name": "组 255",
      "font_class": "a-zu255",
      "unicode": "e60d",
      "unicode_decimal": 58893
    },
    {
      "icon_id": "44653161",
      "name": "组 217",
      "font_class": "a-zu217",
      "unicode": "e60e",
      "unicode_decimal": 58894
    },
    {
      "icon_id": "44563552",
      "name": "serach_language",
      "font_class": "a-zu37",
      "unicode": "e604",
      "unicode_decimal": 58884
    },
    {
      "icon_id": "44563551",
      "name": "nav_2",
      "font_class": "a-zu39",
      "unicode": "e605",
      "unicode_decimal": 58885
    },
    {
      "icon_id": "44563550",
      "name": "share",
      "font_class": "zhuanfa",
      "unicode": "e606",
      "unicode_decimal": 58886
    },
    {
      "icon_id": "44563549",
      "name": "nav_4",
      "font_class": "a-zu41",
      "unicode": "e607",
      "unicode_decimal": 58887
    },
    {
      "icon_id": "44563548",
      "name": "refresh",
      "font_class": "shuaxin",
      "unicode": "e608",
      "unicode_decimal": 58888
    },
    {
      "icon_id": "44563546",
      "name": "serach",
      "font_class": "a-sousuo1",
      "unicode": "e609",
      "unicode_decimal": 58889
    },
    {
      "icon_id": "44563547",
      "name": "nav_3",
      "font_class": "a-zu48",
      "unicode": "e60a",
      "unicode_decimal": 58890
    },
    {
      "icon_id": "44563545",
      "name": "nav_5",
      "font_class": "yuyin",
      "unicode": "e60b",
      "unicode_decimal": 58891
    },
    {
      "icon_id": "44563544",
      "name": "copy",
      "font_class": "fuzhi",
      "unicode": "e603",
      "unicode_decimal": 58883
    },
    {
      "icon_id": "44563543",
      "name": "avatar",
      "font_class": "geren",
      "unicode": "e60c",
      "unicode_decimal": 58892
    },
    {
      "icon_id": "44563271",
      "name": "nav_1",
      "font_class": "nav_1",
      "unicode": "e602",
      "unicode_decimal": 58882
    }
  ]
}
